<?xml version="1.0" encoding="UTF-8" ?>
<!-- This is a WordPress eXtended RSS file generated by WordPress as an export of your site. -->
<!-- It contains information about your site's posts, pages, comments, categories, and other content. -->
<!-- You may use this file to transfer that content from one site to another. -->
<!-- This file is not intended to serve as a complete backup of your site. -->

<!-- To import this information into a WordPress site follow these steps: -->
<!-- 1. Log in to that site as an administrator. -->
<!-- 2. Go to Tools: Import in the WordPress admin panel. -->
<!-- 3. Install the "WordPress" importer from the list. -->
<!-- 4. Activate & Run Importer. -->
<!-- 5. Upload this file using the form provided on that page. -->
<!-- 6. You will first be asked to map the authors in this export file to users -->
<!--    on the site. For each author, you may choose to map to an -->
<!--    existing user on the site or to create a new user. -->
<!-- 7. WordPress will then import each of the posts, pages, comments, categories, etc. -->
<!--    contained in this file into your site. -->

<!-- generator="WordPress/4.1.1" created="2015-02-23 05:44" -->
<rss version="2.0"
	xmlns:excerpt="http://wordpress.org/export/1.2/excerpt/"
	xmlns:content="http://purl.org/rss/1.0/modules/content/"
	xmlns:wfw="http://wellformedweb.org/CommentAPI/"
	xmlns:dc="http://purl.org/dc/elements/1.1/"
	xmlns:wp="http://wordpress.org/export/1.2/"
>

<channel>
	<title>Александр Прокопский</title>
	<link>http://dev.webdesign-master.ru/wp</link>
	<description>Web-дизайнер / Front-End разработчик</description>
	<pubDate>Mon, 23 Feb 2015 05:44:43 +0000</pubDate>
	<language>ru-RU</language>
	<wp:wxr_version>1.2</wp:wxr_version>
	<wp:base_site_url>http://dev.webdesign-master.ru/wp</wp:base_site_url>
	<wp:base_blog_url>http://dev.webdesign-master.ru/wp</wp:base_blog_url>

	<wp:author><wp:author_id>1</wp:author_id><wp:author_login>admin</wp:author_login><wp:author_email>agragregra@ya.ru</wp:author_email><wp:author_display_name><![CDATA[admin]]></wp:author_display_name><wp:author_first_name><![CDATA[]]></wp:author_first_name><wp:author_last_name><![CDATA[]]></wp:author_last_name></wp:author>

	<wp:category><wp:term_id>1</wp:term_id><wp:category_nicename>first</wp:category_nicename><wp:category_parent></wp:category_parent><wp:cat_name><![CDATA[Без рубрики]]></wp:cat_name><wp:category_description><![CDATA[1ss]]></wp:category_description></wp:category>
	<wp:category><wp:term_id>12</wp:term_id><wp:category_nicename>s_contacts</wp:category_nicename><wp:category_parent></wp:category_parent><wp:cat_name><![CDATA[Контакты]]></wp:cat_name><wp:category_description><![CDATA[Оставьте ваше сообщение]]></wp:category_description></wp:category>
	<wp:category><wp:term_id>3</wp:term_id><wp:category_nicename>s_about</wp:category_nicename><wp:category_parent></wp:category_parent><wp:cat_name><![CDATA[Обо мне]]></wp:cat_name><wp:category_description><![CDATA[Познакомимся ближе]]></wp:category_description></wp:category>
	<wp:category><wp:term_id>8</wp:term_id><wp:category_nicename>s_portfolio</wp:category_nicename><wp:category_parent></wp:category_parent><wp:cat_name><![CDATA[Портфолио]]></wp:cat_name><wp:category_description><![CDATA[Мои последние работы]]></wp:category_description></wp:category>
	<wp:category><wp:term_id>5</wp:term_id><wp:category_nicename>s_resume</wp:category_nicename><wp:category_parent></wp:category_parent><wp:cat_name><![CDATA[Резюме]]></wp:cat_name><wp:category_description><![CDATA[
Мои знания и достижения
]]></wp:category_description></wp:category>
	<wp:category><wp:term_id>4</wp:term_id><wp:category_nicename>socials</wp:category_nicename><wp:category_parent></wp:category_parent><wp:cat_name><![CDATA[Социальные иконки]]></wp:cat_name></wp:category>
	<wp:category><wp:term_id>7</wp:term_id><wp:category_nicename>c_edu</wp:category_nicename><wp:category_parent>s_resume</wp:category_parent><wp:cat_name><![CDATA[Учеба]]></wp:cat_name></wp:category>
	<wp:category><wp:term_id>6</wp:term_id><wp:category_nicename>c_work</wp:category_nicename><wp:category_parent>s_resume</wp:category_parent><wp:cat_name><![CDATA[Работа]]></wp:cat_name></wp:category>
	<wp:tag><wp:term_id>10</wp:term_id><wp:tag_slug>identy</wp:tag_slug><wp:tag_name><![CDATA[identy]]></wp:tag_name></wp:tag>
	<wp:tag><wp:term_id>2</wp:term_id><wp:tag_slug>label</wp:tag_slug><wp:tag_name><![CDATA[label]]></wp:tag_name></wp:tag>
	<wp:tag><wp:term_id>11</wp:term_id><wp:tag_slug>logos</wp:tag_slug><wp:tag_name><![CDATA[logos]]></wp:tag_name></wp:tag>
	<wp:tag><wp:term_id>9</wp:term_id><wp:tag_slug>sites</wp:tag_slug><wp:tag_name><![CDATA[sites]]></wp:tag_name></wp:tag>

	<generator>http://wordpress.org/?v=4.1.1</generator>

	<item>
		<title>Привет, мир!</title>
		<link>http://dev.webdesign-master.ru/wp/?p=1</link>
		<pubDate>Wed, 18 Feb 2015 07:17:39 +0000</pubDate>
		<dc:creator><![CDATA[admin]]></dc:creator>
		<guid isPermaLink="false">http://dev.webdesign-master.ru/wp/?p=1</guid>
		<description></description>
		<content:encoded><![CDATA[Добро пожаловать в WordPress. Это ваша первая запись. Отредактируйте или удалите её, затем пишите!]]></content:encoded>
		<excerpt:encoded><![CDATA[]]></excerpt:encoded>
		<wp:post_id>1</wp:post_id>
		<wp:post_date>2015-02-18 07:17:39</wp:post_date>
		<wp:post_date_gmt>2015-02-18 07:17:39</wp:post_date_gmt>
		<wp:comment_status>open</wp:comment_status>
		<wp:ping_status>open</wp:ping_status>
		<wp:post_name>%d0%bf%d1%80%d0%b8%d0%b2%d0%b5%d1%82-%d0%bc%d0%b8%d1%80</wp:post_name>
		<wp:status>publish</wp:status>
		<wp:post_parent>0</wp:post_parent>
		<wp:menu_order>0</wp:menu_order>
		<wp:post_type>post</wp:post_type>
		<wp:post_password></wp:post_password>
		<wp:is_sticky>0</wp:is_sticky>
		<category domain="post_tag" nicename="label"><![CDATA[label]]></category>
		<category domain="category" nicename="first"><![CDATA[Без рубрики]]></category>
		<wp:postmeta>
			<wp:meta_key>_edit_last</wp:meta_key>
			<wp:meta_value><![CDATA[1]]></wp:meta_value>
		</wp:postmeta>
		<wp:comment>
			<wp:comment_id>1</wp:comment_id>
			<wp:comment_author><![CDATA[Мистер WordPress]]></wp:comment_author>
			<wp:comment_author_email></wp:comment_author_email>
			<wp:comment_author_url>https://wordpress.org/</wp:comment_author_url>
			<wp:comment_author_IP></wp:comment_author_IP>
			<wp:comment_date>2015-02-18 07:17:39</wp:comment_date>
			<wp:comment_date_gmt>2015-02-18 07:17:39</wp:comment_date_gmt>
			<wp:comment_content><![CDATA[Привет! Это комментарий.
Чтобы удалить его, авторизуйтесь и просмотрите комментарии к записи. Там будут ссылки для их изменения или удаления.]]></wp:comment_content>
			<wp:comment_approved>1</wp:comment_approved>
			<wp:comment_type></wp:comment_type>
			<wp:comment_parent>0</wp:comment_parent>
			<wp:comment_user_id>0</wp:comment_user_id>
		</wp:comment>
	</item>
	<item>
		<title>Пример страницы</title>
		<link>http://dev.webdesign-master.ru/wp/?page_id=2</link>
		<pubDate>Wed, 18 Feb 2015 07:17:39 +0000</pubDate>
		<dc:creator><![CDATA[admin]]></dc:creator>
		<guid isPermaLink="false">http://dev.webdesign-master.ru/wp/?page_id=2</guid>
		<description></description>
		<content:encoded><![CDATA[Это пример страницы. От записей в блоге она отличается тем, что остаётся на одном месте и отображается в меню сайта (в большинстве тем). На странице &laquo;Детали&raquo; владельцы сайтов обычно рассказывают о себе потенциальным посетителям. Например, так:

<blockquote>Привет! Днём я курьер, а вечером &#8212; подающий надежды актёр. Это мой блог. Я живу в Ростове-на-Дону, люблю своего пса Джека и пинаколаду. (И ещё попадать под дождь.)</blockquote>

...или так:

<blockquote>Компания &laquo;Штучки XYZ&raquo; была основана в 1971 году и с тех пор производит качественные штучки. Компания находится в Готэм-сити, имеет штат из более чем 2000 сотрудников и приносит много пользы жителям Готэма.</blockquote>

Перейдите <a href="http://dev.webdesign-master.ru/wp/wp-admin/">в консоль</a>, чтобы удалить эту страницу и создать новые. Успехов!]]></content:encoded>
		<excerpt:encoded><![CDATA[]]></excerpt:encoded>
		<wp:post_id>2</wp:post_id>
		<wp:post_date>2015-02-18 07:17:39</wp:post_date>
		<wp:post_date_gmt>2015-02-18 07:17:39</wp:post_date_gmt>
		<wp:comment_status>open</wp:comment_status>
		<wp:ping_status>open</wp:ping_status>
		<wp:post_name>sample-page</wp:post_name>
		<wp:status>publish</wp:status>
		<wp:post_parent>0</wp:post_parent>
		<wp:menu_order>0</wp:menu_order>
		<wp:post_type>page</wp:post_type>
		<wp:post_password></wp:post_password>
		<wp:is_sticky>0</wp:is_sticky>
		<wp:postmeta>
			<wp:meta_key>_wp_page_template</wp:meta_key>
			<wp:meta_value><![CDATA[default]]></wp:meta_value>
		</wp:postmeta>
	</item>
	<item>
		<title>Немного о себе</title>
		<link>http://dev.webdesign-master.ru/wp/?p=7</link>
		<pubDate>Sun, 22 Feb 2015 15:20:02 +0000</pubDate>
		<dc:creator><![CDATA[admin]]></dc:creator>
		<guid isPermaLink="false">http://dev.webdesign-master.ru/wp/?p=7</guid>
		<description></description>
		<content:encoded><![CDATA[Lorem Ipsum - это текст-"рыба", часто используемый в печати и вэб-дизайне. Lorem Ipsum является стандартной "рыбой" для текстов на латинице с начала XVI века.

Lorem Ipsum - это текст-"рыба", часто используемый в печати и вэб-дизайне. Lorem Ipsum является стандартной "рыбой" для текстов на латинице с начала XVI века. В то время некий безымянный печатник создал большую коллекцию размеров и форм шрифтов, используя Lorem Ipsum для распечатки образцов.]]></content:encoded>
		<excerpt:encoded><![CDATA[]]></excerpt:encoded>
		<wp:post_id>7</wp:post_id>
		<wp:post_date>2015-02-22 18:20:02</wp:post_date>
		<wp:post_date_gmt>2015-02-22 15:20:02</wp:post_date_gmt>
		<wp:comment_status>open</wp:comment_status>
		<wp:ping_status>open</wp:ping_status>
		<wp:post_name>%d0%bd%d0%b5%d0%bc%d0%bd%d0%be%d0%b3%d0%be-%d0%be-%d1%81%d0%b5%d0%b1%d0%b5</wp:post_name>
		<wp:status>publish</wp:status>
		<wp:post_parent>0</wp:post_parent>
		<wp:menu_order>0</wp:menu_order>
		<wp:post_type>post</wp:post_type>
		<wp:post_password></wp:post_password>
		<wp:is_sticky>0</wp:is_sticky>
		<category domain="category" nicename="s_about"><![CDATA[Обо мне]]></category>
		<wp:postmeta>
			<wp:meta_key>_edit_last</wp:meta_key>
			<wp:meta_value><![CDATA[1]]></wp:meta_value>
		</wp:postmeta>
		<wp:postmeta>
			<wp:meta_key>_thumbnail_id</wp:meta_key>
			<wp:meta_value><![CDATA[9]]></wp:meta_value>
		</wp:postmeta>
	</item>
	<item>
		<title>photo</title>
		<link>http://dev.webdesign-master.ru/wp/?attachment_id=9</link>
		<pubDate>Sun, 22 Feb 2015 15:20:22 +0000</pubDate>
		<dc:creator><![CDATA[admin]]></dc:creator>
		<guid isPermaLink="false">http://dev.webdesign-master.ru/wp/wp-content/uploads/2015/02/photo.jpg</guid>
		<description></description>
		<content:encoded><![CDATA[]]></content:encoded>
		<excerpt:encoded><![CDATA[]]></excerpt:encoded>
		<wp:post_id>9</wp:post_id>
		<wp:post_date>2015-02-22 18:20:22</wp:post_date>
		<wp:post_date_gmt>2015-02-22 15:20:22</wp:post_date_gmt>
		<wp:comment_status>open</wp:comment_status>
		<wp:ping_status>open</wp:ping_status>
		<wp:post_name>photo</wp:post_name>
		<wp:status>inherit</wp:status>
		<wp:post_parent>7</wp:post_parent>
		<wp:menu_order>0</wp:menu_order>
		<wp:post_type>attachment</wp:post_type>
		<wp:post_password></wp:post_password>
		<wp:is_sticky>0</wp:is_sticky>
		<wp:attachment_url>http://dev.webdesign-master.ru/wp/wp-content/uploads/2015/02/photo.jpg</wp:attachment_url>
		<wp:postmeta>
			<wp:meta_key>_wp_attached_file</wp:meta_key>
			<wp:meta_value><![CDATA[2015/02/photo.jpg]]></wp:meta_value>
		</wp:postmeta>
		<wp:postmeta>
			<wp:meta_key>_wp_attachment_metadata</wp:meta_key>
			<wp:meta_value><![CDATA[a:5:{s:5:"width";i:550;s:6:"height";i:550;s:4:"file";s:17:"2015/02/photo.jpg";s:5:"sizes";a:2:{s:9:"thumbnail";a:4:{s:4:"file";s:17:"photo-150x150.jpg";s:5:"width";i:150;s:6:"height";i:150;s:9:"mime-type";s:10:"image/jpeg";}s:6:"medium";a:4:{s:4:"file";s:17:"photo-300x300.jpg";s:5:"width";i:300;s:6:"height";i:300;s:9:"mime-type";s:10:"image/jpeg";}}s:10:"image_meta";a:11:{s:8:"aperture";i:0;s:6:"credit";s:0:"";s:6:"camera";s:0:"";s:7:"caption";s:0:"";s:17:"created_timestamp";i:0;s:9:"copyright";s:0:"";s:12:"focal_length";i:0;s:3:"iso";i:0;s:13:"shutter_speed";i:0;s:5:"title";s:0:"";s:11:"orientation";i:0;}}]]></wp:meta_value>
		</wp:postmeta>
	</item>
	<item>
		<title>Персональная информация</title>
		<link>http://dev.webdesign-master.ru/wp/?p=10</link>
		<pubDate>Sun, 22 Feb 2015 15:37:13 +0000</pubDate>
		<dc:creator><![CDATA[admin]]></dc:creator>
		<guid isPermaLink="false">http://dev.webdesign-master.ru/wp/?p=10</guid>
		<description></description>
		<content:encoded><![CDATA[<ul>
	<li>Профессиональное создание сайтов: разработка дизайна, HTML верстка, посадка на CMS WordPress</li>
	<li>День рождения: 3 июня 1988 года</li>
	<li>Номер телефона: +7 999 999 99 99</li>
	<li>E-mail: <a href="mailto:youmail@mail.ru">youmail@mail.ru</a></li>
	<li>Веб-сайт: <a href="//webdesign-master.ru" target="_blank">webdesign-master.ru</a></li>
</ul>]]></content:encoded>
		<excerpt:encoded><![CDATA[]]></excerpt:encoded>
		<wp:post_id>10</wp:post_id>
		<wp:post_date>2015-02-22 18:37:13</wp:post_date>
		<wp:post_date_gmt>2015-02-22 15:37:13</wp:post_date_gmt>
		<wp:comment_status>open</wp:comment_status>
		<wp:ping_status>open</wp:ping_status>
		<wp:post_name>%d0%bf%d0%b5%d1%80%d1%81%d0%be%d0%bd%d0%b0%d0%bb%d1%8c%d0%bd%d0%b0%d1%8f-%d0%b8%d0%bd%d1%84%d0%be%d1%80%d0%bc%d0%b0%d1%86%d0%b8%d1%8f</wp:post_name>
		<wp:status>publish</wp:status>
		<wp:post_parent>0</wp:post_parent>
		<wp:menu_order>0</wp:menu_order>
		<wp:post_type>post</wp:post_type>
		<wp:post_password></wp:post_password>
		<wp:is_sticky>0</wp:is_sticky>
		<category domain="category" nicename="s_about"><![CDATA[Обо мне]]></category>
		<wp:postmeta>
			<wp:meta_key>_edit_last</wp:meta_key>
			<wp:meta_value><![CDATA[1]]></wp:meta_value>
		</wp:postmeta>
	</item>
	<item>
		<title>Твиттер</title>
		<link>http://dev.webdesign-master.ru/wp/?p=12</link>
		<pubDate>Sun, 22 Feb 2015 15:41:51 +0000</pubDate>
		<dc:creator><![CDATA[admin]]></dc:creator>
		<guid isPermaLink="false">http://dev.webdesign-master.ru/wp/?p=12</guid>
		<description></description>
		<content:encoded><![CDATA[]]></content:encoded>
		<excerpt:encoded><![CDATA[]]></excerpt:encoded>
		<wp:post_id>12</wp:post_id>
		<wp:post_date>2015-02-22 18:41:51</wp:post_date>
		<wp:post_date_gmt>2015-02-22 15:41:51</wp:post_date_gmt>
		<wp:comment_status>open</wp:comment_status>
		<wp:ping_status>open</wp:ping_status>
		<wp:post_name>%d1%82%d0%b2%d0%b8%d1%82%d1%82%d0%b5%d1%80</wp:post_name>
		<wp:status>publish</wp:status>
		<wp:post_parent>0</wp:post_parent>
		<wp:menu_order>0</wp:menu_order>
		<wp:post_type>post</wp:post_type>
		<wp:post_password></wp:post_password>
		<wp:is_sticky>0</wp:is_sticky>
		<category domain="category" nicename="socials"><![CDATA[Социальные иконки]]></category>
		<wp:postmeta>
			<wp:meta_key>_edit_last</wp:meta_key>
			<wp:meta_value><![CDATA[1]]></wp:meta_value>
		</wp:postmeta>
		<wp:postmeta>
			<wp:meta_key>soc_url</wp:meta_key>
			<wp:meta_value><![CDATA[http://twitter.com]]></wp:meta_value>
		</wp:postmeta>
		<wp:postmeta>
			<wp:meta_key>fonts_awesome</wp:meta_key>
			<wp:meta_value><![CDATA[fa-twitter]]></wp:meta_value>
		</wp:postmeta>
	</item>
	<item>
		<title>Facebook</title>
		<link>http://dev.webdesign-master.ru/wp/?p=14</link>
		<pubDate>Sun, 22 Feb 2015 15:51:37 +0000</pubDate>
		<dc:creator><![CDATA[admin]]></dc:creator>
		<guid isPermaLink="false">http://dev.webdesign-master.ru/wp/?p=14</guid>
		<description></description>
		<content:encoded><![CDATA[]]></content:encoded>
		<excerpt:encoded><![CDATA[]]></excerpt:encoded>
		<wp:post_id>14</wp:post_id>
		<wp:post_date>2015-02-22 18:51:37</wp:post_date>
		<wp:post_date_gmt>2015-02-22 15:51:37</wp:post_date_gmt>
		<wp:comment_status>open</wp:comment_status>
		<wp:ping_status>open</wp:ping_status>
		<wp:post_name>facebook</wp:post_name>
		<wp:status>publish</wp:status>
		<wp:post_parent>0</wp:post_parent>
		<wp:menu_order>0</wp:menu_order>
		<wp:post_type>post</wp:post_type>
		<wp:post_password></wp:post_password>
		<wp:is_sticky>0</wp:is_sticky>
		<category domain="category" nicename="socials"><![CDATA[Социальные иконки]]></category>
		<wp:postmeta>
			<wp:meta_key>_edit_last</wp:meta_key>
			<wp:meta_value><![CDATA[1]]></wp:meta_value>
		</wp:postmeta>
		<wp:postmeta>
			<wp:meta_key>fonts_awesome</wp:meta_key>
			<wp:meta_value><![CDATA[fa-facebook]]></wp:meta_value>
		</wp:postmeta>
		<wp:postmeta>
			<wp:meta_key>soc_url</wp:meta_key>
			<wp:meta_value><![CDATA[http://facebook.com]]></wp:meta_value>
		</wp:postmeta>
	</item>
	<item>
		<title>Вконтакте</title>
		<link>http://dev.webdesign-master.ru/wp/?p=16</link>
		<pubDate>Sun, 22 Feb 2015 15:52:29 +0000</pubDate>
		<dc:creator><![CDATA[admin]]></dc:creator>
		<guid isPermaLink="false">http://dev.webdesign-master.ru/wp/?p=16</guid>
		<description></description>
		<content:encoded><![CDATA[]]></content:encoded>
		<excerpt:encoded><![CDATA[]]></excerpt:encoded>
		<wp:post_id>16</wp:post_id>
		<wp:post_date>2015-02-22 18:52:29</wp:post_date>
		<wp:post_date_gmt>2015-02-22 15:52:29</wp:post_date_gmt>
		<wp:comment_status>open</wp:comment_status>
		<wp:ping_status>open</wp:ping_status>
		<wp:post_name>%d0%b2%d0%ba%d0%be%d0%bd%d1%82%d0%b0%d0%ba%d1%82%d0%b5</wp:post_name>
		<wp:status>publish</wp:status>
		<wp:post_parent>0</wp:post_parent>
		<wp:menu_order>0</wp:menu_order>
		<wp:post_type>post</wp:post_type>
		<wp:post_password></wp:post_password>
		<wp:is_sticky>0</wp:is_sticky>
		<category domain="category" nicename="socials"><![CDATA[Социальные иконки]]></category>
		<wp:postmeta>
			<wp:meta_key>_edit_last</wp:meta_key>
			<wp:meta_value><![CDATA[1]]></wp:meta_value>
		</wp:postmeta>
		<wp:postmeta>
			<wp:meta_key>fonts_awesome</wp:meta_key>
			<wp:meta_value><![CDATA[fa-vk]]></wp:meta_value>
		</wp:postmeta>
		<wp:postmeta>
			<wp:meta_key>soc_url</wp:meta_key>
			<wp:meta_value><![CDATA[http://vk.com]]></wp:meta_value>
		</wp:postmeta>
	</item>
	<item>
		<title>GitHub</title>
		<link>http://dev.webdesign-master.ru/wp/?p=18</link>
		<pubDate>Sun, 22 Feb 2015 15:53:18 +0000</pubDate>
		<dc:creator><![CDATA[admin]]></dc:creator>
		<guid isPermaLink="false">http://dev.webdesign-master.ru/wp/?p=18</guid>
		<description></description>
		<content:encoded><![CDATA[]]></content:encoded>
		<excerpt:encoded><![CDATA[]]></excerpt:encoded>
		<wp:post_id>18</wp:post_id>
		<wp:post_date>2015-02-22 18:53:18</wp:post_date>
		<wp:post_date_gmt>2015-02-22 15:53:18</wp:post_date_gmt>
		<wp:comment_status>open</wp:comment_status>
		<wp:ping_status>open</wp:ping_status>
		<wp:post_name>github</wp:post_name>
		<wp:status>publish</wp:status>
		<wp:post_parent>0</wp:post_parent>
		<wp:menu_order>0</wp:menu_order>
		<wp:post_type>post</wp:post_type>
		<wp:post_password></wp:post_password>
		<wp:is_sticky>0</wp:is_sticky>
		<category domain="category" nicename="socials"><![CDATA[Социальные иконки]]></category>
		<wp:postmeta>
			<wp:meta_key>_edit_last</wp:meta_key>
			<wp:meta_value><![CDATA[1]]></wp:meta_value>
		</wp:postmeta>
		<wp:postmeta>
			<wp:meta_key>fonts_awesome</wp:meta_key>
			<wp:meta_value><![CDATA[fa-github]]></wp:meta_value>
		</wp:postmeta>
		<wp:postmeta>
			<wp:meta_key>soc_url</wp:meta_key>
			<wp:meta_value><![CDATA[http://github.com]]></wp:meta_value>
		</wp:postmeta>
	</item>
	<item>
		<title>Программист</title>
		<link>http://dev.webdesign-master.ru/wp/?p=20</link>
		<pubDate>Sun, 22 Feb 2015 15:58:06 +0000</pubDate>
		<dc:creator><![CDATA[admin]]></dc:creator>
		<guid isPermaLink="false">http://dev.webdesign-master.ru/wp/?p=20</guid>
		<description></description>
		<content:encoded><![CDATA[Lorem Ipsum - это текст-"рыба", часто используемый в печати и вэб-дизайне. Lorem Ipsum является стандартной "рыбой" для текстов на латинице с начала XVI века. В то время некий безымянный печатник создал большую коллекцию размеров и форм шрифтов, используя Lorem Ipsum.]]></content:encoded>
		<excerpt:encoded><![CDATA[]]></excerpt:encoded>
		<wp:post_id>20</wp:post_id>
		<wp:post_date>2015-02-22 18:58:06</wp:post_date>
		<wp:post_date_gmt>2015-02-22 15:58:06</wp:post_date_gmt>
		<wp:comment_status>open</wp:comment_status>
		<wp:ping_status>open</wp:ping_status>
		<wp:post_name>%d0%bf%d1%80%d0%be%d0%b3%d1%80%d0%b0%d0%bc%d0%bc%d0%b8%d1%81%d1%82</wp:post_name>
		<wp:status>publish</wp:status>
		<wp:post_parent>0</wp:post_parent>
		<wp:menu_order>0</wp:menu_order>
		<wp:post_type>post</wp:post_type>
		<wp:post_password></wp:post_password>
		<wp:is_sticky>0</wp:is_sticky>
		<category domain="category" nicename="c_work"><![CDATA[Работа]]></category>
		<wp:postmeta>
			<wp:meta_key>_edit_last</wp:meta_key>
			<wp:meta_value><![CDATA[1]]></wp:meta_value>
		</wp:postmeta>
		<wp:postmeta>
			<wp:meta_key>resume_place</wp:meta_key>
			<wp:meta_value><![CDATA[ООО "Пронькина забава"]]></wp:meta_value>
		</wp:postmeta>
		<wp:postmeta>
			<wp:meta_key>resume_years</wp:meta_key>
			<wp:meta_value><![CDATA[2008-2015]]></wp:meta_value>
		</wp:postmeta>
	</item>
	<item>
		<title>Веб-Дизайнер</title>
		<link>http://dev.webdesign-master.ru/wp/?p=22</link>
		<pubDate>Sun, 22 Feb 2015 16:03:04 +0000</pubDate>
		<dc:creator><![CDATA[admin]]></dc:creator>
		<guid isPermaLink="false">http://dev.webdesign-master.ru/wp/?p=22</guid>
		<description></description>
		<content:encoded><![CDATA[Lorem Ipsum — это текст-«рыба», часто используемый в печати и вэб-дизайне. Lorem Ipsum является стандартной «рыбой» для текстов на латинице с начала XVI века. В то время некий безымянный печатник создал большую коллекцию]]></content:encoded>
		<excerpt:encoded><![CDATA[]]></excerpt:encoded>
		<wp:post_id>22</wp:post_id>
		<wp:post_date>2015-02-22 19:03:04</wp:post_date>
		<wp:post_date_gmt>2015-02-22 16:03:04</wp:post_date_gmt>
		<wp:comment_status>open</wp:comment_status>
		<wp:ping_status>open</wp:ping_status>
		<wp:post_name>%d0%b2%d0%b5%d0%b1-%d0%b4%d0%b8%d0%b7%d0%b0%d0%b9%d0%bd%d0%b5%d1%80</wp:post_name>
		<wp:status>publish</wp:status>
		<wp:post_parent>0</wp:post_parent>
		<wp:menu_order>0</wp:menu_order>
		<wp:post_type>post</wp:post_type>
		<wp:post_password></wp:post_password>
		<wp:is_sticky>0</wp:is_sticky>
		<category domain="category" nicename="c_work"><![CDATA[Работа]]></category>
		<wp:postmeta>
			<wp:meta_key>_edit_last</wp:meta_key>
			<wp:meta_value><![CDATA[1]]></wp:meta_value>
		</wp:postmeta>
		<wp:postmeta>
			<wp:meta_key>resume_years</wp:meta_key>
			<wp:meta_value><![CDATA[2009-2014]]></wp:meta_value>
		</wp:postmeta>
		<wp:postmeta>
			<wp:meta_key>resume_place</wp:meta_key>
			<wp:meta_value><![CDATA[ООО "Ванкорнефть"]]></wp:meta_value>
		</wp:postmeta>
	</item>
	<item>
		<title>Менеджер</title>
		<link>http://dev.webdesign-master.ru/wp/?p=24</link>
		<pubDate>Sun, 22 Feb 2015 16:05:36 +0000</pubDate>
		<dc:creator><![CDATA[admin]]></dc:creator>
		<guid isPermaLink="false">http://dev.webdesign-master.ru/wp/?p=24</guid>
		<description></description>
		<content:encoded><![CDATA[Lorem Ipsum — это текст-«рыба», часто используемый в печати и вэб-дизайне. Lorem Ipsum является стандартной «рыбой» для текстов на латинице с начала XVI века. В то время некий безымянный печатник создал большую коллекцию]]></content:encoded>
		<excerpt:encoded><![CDATA[]]></excerpt:encoded>
		<wp:post_id>24</wp:post_id>
		<wp:post_date>2015-02-22 19:05:36</wp:post_date>
		<wp:post_date_gmt>2015-02-22 16:05:36</wp:post_date_gmt>
		<wp:comment_status>open</wp:comment_status>
		<wp:ping_status>open</wp:ping_status>
		<wp:post_name>%d0%bc%d0%b5%d0%bd%d0%b5%d0%b4%d0%b6%d0%b5%d1%80</wp:post_name>
		<wp:status>publish</wp:status>
		<wp:post_parent>0</wp:post_parent>
		<wp:menu_order>0</wp:menu_order>
		<wp:post_type>post</wp:post_type>
		<wp:post_password></wp:post_password>
		<wp:is_sticky>0</wp:is_sticky>
		<category domain="category" nicename="c_edu"><![CDATA[Учеба]]></category>
		<wp:postmeta>
			<wp:meta_key>_edit_last</wp:meta_key>
			<wp:meta_value><![CDATA[1]]></wp:meta_value>
		</wp:postmeta>
		<wp:postmeta>
			<wp:meta_key>resume_place</wp:meta_key>
			<wp:meta_value><![CDATA[МГУ]]></wp:meta_value>
		</wp:postmeta>
		<wp:postmeta>
			<wp:meta_key>resume_years</wp:meta_key>
			<wp:meta_value><![CDATA[2004-2008]]></wp:meta_value>
		</wp:postmeta>
	</item>
	<item>
		<title>Юрист</title>
		<link>http://dev.webdesign-master.ru/wp/?p=26</link>
		<pubDate>Sun, 22 Feb 2015 16:09:41 +0000</pubDate>
		<dc:creator><![CDATA[admin]]></dc:creator>
		<guid isPermaLink="false">http://dev.webdesign-master.ru/wp/?p=26</guid>
		<description></description>
		<content:encoded><![CDATA[Lorem Ipsum — это текст-«рыба», часто используемый в печати и вэб-дизайне. Lorem Ipsum является стандартной «рыбой» для текстов на латинице с начала XVI века. В то время некий безымянный печатник создал большую коллекцию]]></content:encoded>
		<excerpt:encoded><![CDATA[]]></excerpt:encoded>
		<wp:post_id>26</wp:post_id>
		<wp:post_date>2015-02-22 19:09:41</wp:post_date>
		<wp:post_date_gmt>2015-02-22 16:09:41</wp:post_date_gmt>
		<wp:comment_status>open</wp:comment_status>
		<wp:ping_status>open</wp:ping_status>
		<wp:post_name>%d1%8e%d1%80%d0%b8%d1%81%d1%82</wp:post_name>
		<wp:status>publish</wp:status>
		<wp:post_parent>0</wp:post_parent>
		<wp:menu_order>0</wp:menu_order>
		<wp:post_type>post</wp:post_type>
		<wp:post_password></wp:post_password>
		<wp:is_sticky>0</wp:is_sticky>
		<category domain="category" nicename="c_edu"><![CDATA[Учеба]]></category>
		<wp:postmeta>
			<wp:meta_key>_edit_last</wp:meta_key>
			<wp:meta_value><![CDATA[1]]></wp:meta_value>
		</wp:postmeta>
		<wp:postmeta>
			<wp:meta_key>resume_place</wp:meta_key>
			<wp:meta_value><![CDATA[ШушСпецСтрой]]></wp:meta_value>
		</wp:postmeta>
		<wp:postmeta>
			<wp:meta_key>resume_years</wp:meta_key>
			<wp:meta_value><![CDATA[2007-2012]]></wp:meta_value>
		</wp:postmeta>
	</item>
	<item>
		<title>Портфолио</title>
		<link>http://dev.webdesign-master.ru/wp/?p=33</link>
		<pubDate>Mon, 23 Feb 2015 02:19:55 +0000</pubDate>
		<dc:creator><![CDATA[admin]]></dc:creator>
		<guid isPermaLink="false">http://dev.webdesign-master.ru/wp/?p=33</guid>
		<description></description>
		<content:encoded><![CDATA[]]></content:encoded>
		<excerpt:encoded><![CDATA[]]></excerpt:encoded>
		<wp:post_id>33</wp:post_id>
		<wp:post_date>2015-02-23 05:19:55</wp:post_date>
		<wp:post_date_gmt>2015-02-23 02:19:55</wp:post_date_gmt>
		<wp:comment_status>open</wp:comment_status>
		<wp:ping_status>open</wp:ping_status>
		<wp:post_name>%d0%bf%d0%be%d1%80%d1%82%d1%84%d0%be%d0%bb%d0%b8%d0%be</wp:post_name>
		<wp:status>draft</wp:status>
		<wp:post_parent>0</wp:post_parent>
		<wp:menu_order>0</wp:menu_order>
		<wp:post_type>post</wp:post_type>
		<wp:post_password></wp:post_password>
		<wp:is_sticky>0</wp:is_sticky>
		<category domain="category" nicename="first"><![CDATA[Без рубрики]]></category>
		<wp:postmeta>
			<wp:meta_key>_edit_last</wp:meta_key>
			<wp:meta_value><![CDATA[1]]></wp:meta_value>
		</wp:postmeta>
	</item>
	<item>
		<title>1</title>
		<link>http://dev.webdesign-master.ru/wp/?attachment_id=35</link>
		<pubDate>Mon, 23 Feb 2015 02:24:50 +0000</pubDate>
		<dc:creator><![CDATA[admin]]></dc:creator>
		<guid isPermaLink="false">http://dev.webdesign-master.ru/wp/wp-content/uploads/2015/02/1.jpg</guid>
		<description></description>
		<content:encoded><![CDATA[]]></content:encoded>
		<excerpt:encoded><![CDATA[]]></excerpt:encoded>
		<wp:post_id>35</wp:post_id>
		<wp:post_date>2015-02-23 05:24:50</wp:post_date>
		<wp:post_date_gmt>2015-02-23 02:24:50</wp:post_date_gmt>
		<wp:comment_status>open</wp:comment_status>
		<wp:ping_status>open</wp:ping_status>
		<wp:post_name>1</wp:post_name>
		<wp:status>inherit</wp:status>
		<wp:post_parent>34</wp:post_parent>
		<wp:menu_order>0</wp:menu_order>
		<wp:post_type>attachment</wp:post_type>
		<wp:post_password></wp:post_password>
		<wp:is_sticky>0</wp:is_sticky>
		<wp:attachment_url>http://dev.webdesign-master.ru/wp/wp-content/uploads/2015/02/1.jpg</wp:attachment_url>
		<wp:postmeta>
			<wp:meta_key>_wp_attached_file</wp:meta_key>
			<wp:meta_value><![CDATA[2015/02/1.jpg]]></wp:meta_value>
		</wp:postmeta>
		<wp:postmeta>
			<wp:meta_key>_wp_attachment_metadata</wp:meta_key>
			<wp:meta_value><![CDATA[a:5:{s:5:"width";i:400;s:6:"height";i:300;s:4:"file";s:13:"2015/02/1.jpg";s:5:"sizes";a:2:{s:9:"thumbnail";a:4:{s:4:"file";s:13:"1-150x150.jpg";s:5:"width";i:150;s:6:"height";i:150;s:9:"mime-type";s:10:"image/jpeg";}s:6:"medium";a:4:{s:4:"file";s:13:"1-300x225.jpg";s:5:"width";i:300;s:6:"height";i:225;s:9:"mime-type";s:10:"image/jpeg";}}s:10:"image_meta";a:11:{s:8:"aperture";i:0;s:6:"credit";s:0:"";s:6:"camera";s:0:"";s:7:"caption";s:0:"";s:17:"created_timestamp";i:0;s:9:"copyright";s:0:"";s:12:"focal_length";i:0;s:3:"iso";i:0;s:13:"shutter_speed";i:0;s:5:"title";s:0:"";s:11:"orientation";i:1;}}]]></wp:meta_value>
		</wp:postmeta>
	</item>
	<item>
		<title>2</title>
		<link>http://dev.webdesign-master.ru/wp/?attachment_id=40</link>
		<pubDate>Mon, 23 Feb 2015 02:38:13 +0000</pubDate>
		<dc:creator><![CDATA[admin]]></dc:creator>
		<guid isPermaLink="false">http://dev.webdesign-master.ru/wp/wp-content/uploads/2015/02/2.jpg</guid>
		<description></description>
		<content:encoded><![CDATA[]]></content:encoded>
		<excerpt:encoded><![CDATA[]]></excerpt:encoded>
		<wp:post_id>40</wp:post_id>
		<wp:post_date>2015-02-23 05:38:13</wp:post_date>
		<wp:post_date_gmt>2015-02-23 02:38:13</wp:post_date_gmt>
		<wp:comment_status>open</wp:comment_status>
		<wp:ping_status>open</wp:ping_status>
		<wp:post_name>2</wp:post_name>
		<wp:status>inherit</wp:status>
		<wp:post_parent>39</wp:post_parent>
		<wp:menu_order>0</wp:menu_order>
		<wp:post_type>attachment</wp:post_type>
		<wp:post_password></wp:post_password>
		<wp:is_sticky>0</wp:is_sticky>
		<wp:attachment_url>http://dev.webdesign-master.ru/wp/wp-content/uploads/2015/02/2.jpg</wp:attachment_url>
		<wp:postmeta>
			<wp:meta_key>_wp_attached_file</wp:meta_key>
			<wp:meta_value><![CDATA[2015/02/2.jpg]]></wp:meta_value>
		</wp:postmeta>
		<wp:postmeta>
			<wp:meta_key>_wp_attachment_metadata</wp:meta_key>
			<wp:meta_value><![CDATA[a:5:{s:5:"width";i:800;s:6:"height";i:600;s:4:"file";s:13:"2015/02/2.jpg";s:5:"sizes";a:2:{s:9:"thumbnail";a:4:{s:4:"file";s:13:"2-150x150.jpg";s:5:"width";i:150;s:6:"height";i:150;s:9:"mime-type";s:10:"image/jpeg";}s:6:"medium";a:4:{s:4:"file";s:13:"2-300x225.jpg";s:5:"width";i:300;s:6:"height";i:225;s:9:"mime-type";s:10:"image/jpeg";}}s:10:"image_meta";a:11:{s:8:"aperture";i:0;s:6:"credit";s:0:"";s:6:"camera";s:0:"";s:7:"caption";s:0:"";s:17:"created_timestamp";i:0;s:9:"copyright";s:0:"";s:12:"focal_length";i:0;s:3:"iso";i:0;s:13:"shutter_speed";i:0;s:5:"title";s:0:"";s:11:"orientation";i:0;}}]]></wp:meta_value>
		</wp:postmeta>
	</item>
	<item>
		<title>3</title>
		<link>http://dev.webdesign-master.ru/wp/?attachment_id=44</link>
		<pubDate>Mon, 23 Feb 2015 02:42:08 +0000</pubDate>
		<dc:creator><![CDATA[admin]]></dc:creator>
		<guid isPermaLink="false">http://dev.webdesign-master.ru/wp/wp-content/uploads/2015/02/3.jpg</guid>
		<description></description>
		<content:encoded><![CDATA[]]></content:encoded>
		<excerpt:encoded><![CDATA[]]></excerpt:encoded>
		<wp:post_id>44</wp:post_id>
		<wp:post_date>2015-02-23 05:42:08</wp:post_date>
		<wp:post_date_gmt>2015-02-23 02:42:08</wp:post_date_gmt>
		<wp:comment_status>open</wp:comment_status>
		<wp:ping_status>open</wp:ping_status>
		<wp:post_name>3</wp:post_name>
		<wp:status>inherit</wp:status>
		<wp:post_parent>42</wp:post_parent>
		<wp:menu_order>0</wp:menu_order>
		<wp:post_type>attachment</wp:post_type>
		<wp:post_password></wp:post_password>
		<wp:is_sticky>0</wp:is_sticky>
		<wp:attachment_url>http://dev.webdesign-master.ru/wp/wp-content/uploads/2015/02/3.jpg</wp:attachment_url>
		<wp:postmeta>
			<wp:meta_key>_wp_attached_file</wp:meta_key>
			<wp:meta_value><![CDATA[2015/02/3.jpg]]></wp:meta_value>
		</wp:postmeta>
		<wp:postmeta>
			<wp:meta_key>_wp_attachment_metadata</wp:meta_key>
			<wp:meta_value><![CDATA[a:5:{s:5:"width";i:800;s:6:"height";i:600;s:4:"file";s:13:"2015/02/3.jpg";s:5:"sizes";a:2:{s:9:"thumbnail";a:4:{s:4:"file";s:13:"3-150x150.jpg";s:5:"width";i:150;s:6:"height";i:150;s:9:"mime-type";s:10:"image/jpeg";}s:6:"medium";a:4:{s:4:"file";s:13:"3-300x225.jpg";s:5:"width";i:300;s:6:"height";i:225;s:9:"mime-type";s:10:"image/jpeg";}}s:10:"image_meta";a:11:{s:8:"aperture";i:0;s:6:"credit";s:0:"";s:6:"camera";s:0:"";s:7:"caption";s:0:"";s:17:"created_timestamp";i:0;s:9:"copyright";s:0:"";s:12:"focal_length";i:0;s:3:"iso";i:0;s:13:"shutter_speed";i:0;s:5:"title";s:0:"";s:11:"orientation";i:0;}}]]></wp:meta_value>
		</wp:postmeta>
	</item>
	<item>
		<title>5</title>
		<link>http://dev.webdesign-master.ru/wp/?attachment_id=46</link>
		<pubDate>Mon, 23 Feb 2015 02:43:20 +0000</pubDate>
		<dc:creator><![CDATA[admin]]></dc:creator>
		<guid isPermaLink="false">http://dev.webdesign-master.ru/wp/wp-content/uploads/2015/02/5.jpg</guid>
		<description></description>
		<content:encoded><![CDATA[]]></content:encoded>
		<excerpt:encoded><![CDATA[]]></excerpt:encoded>
		<wp:post_id>46</wp:post_id>
		<wp:post_date>2015-02-23 05:43:20</wp:post_date>
		<wp:post_date_gmt>2015-02-23 02:43:20</wp:post_date_gmt>
		<wp:comment_status>open</wp:comment_status>
		<wp:ping_status>open</wp:ping_status>
		<wp:post_name>5</wp:post_name>
		<wp:status>inherit</wp:status>
		<wp:post_parent>45</wp:post_parent>
		<wp:menu_order>0</wp:menu_order>
		<wp:post_type>attachment</wp:post_type>
		<wp:post_password></wp:post_password>
		<wp:is_sticky>0</wp:is_sticky>
		<wp:attachment_url>http://dev.webdesign-master.ru/wp/wp-content/uploads/2015/02/5.jpg</wp:attachment_url>
		<wp:postmeta>
			<wp:meta_key>_wp_attached_file</wp:meta_key>
			<wp:meta_value><![CDATA[2015/02/5.jpg]]></wp:meta_value>
		</wp:postmeta>
		<wp:postmeta>
			<wp:meta_key>_wp_attachment_metadata</wp:meta_key>
			<wp:meta_value><![CDATA[a:5:{s:5:"width";i:400;s:6:"height";i:300;s:4:"file";s:13:"2015/02/5.jpg";s:5:"sizes";a:2:{s:9:"thumbnail";a:4:{s:4:"file";s:13:"5-150x150.jpg";s:5:"width";i:150;s:6:"height";i:150;s:9:"mime-type";s:10:"image/jpeg";}s:6:"medium";a:4:{s:4:"file";s:13:"5-300x225.jpg";s:5:"width";i:300;s:6:"height";i:225;s:9:"mime-type";s:10:"image/jpeg";}}s:10:"image_meta";a:11:{s:8:"aperture";i:0;s:6:"credit";s:0:"";s:6:"camera";s:0:"";s:7:"caption";s:0:"";s:17:"created_timestamp";i:0;s:9:"copyright";s:0:"";s:12:"focal_length";i:0;s:3:"iso";i:0;s:13:"shutter_speed";i:0;s:5:"title";s:0:"";s:11:"orientation";i:1;}}]]></wp:meta_value>
		</wp:postmeta>
	</item>
	<item>
		<title>6</title>
		<link>http://dev.webdesign-master.ru/wp/?attachment_id=49</link>
		<pubDate>Mon, 23 Feb 2015 02:45:08 +0000</pubDate>
		<dc:creator><![CDATA[admin]]></dc:creator>
		<guid isPermaLink="false">http://dev.webdesign-master.ru/wp/wp-content/uploads/2015/02/6.jpg</guid>
		<description></description>
		<content:encoded><![CDATA[]]></content:encoded>
		<excerpt:encoded><![CDATA[]]></excerpt:encoded>
		<wp:post_id>49</wp:post_id>
		<wp:post_date>2015-02-23 05:45:08</wp:post_date>
		<wp:post_date_gmt>2015-02-23 02:45:08</wp:post_date_gmt>
		<wp:comment_status>open</wp:comment_status>
		<wp:ping_status>open</wp:ping_status>
		<wp:post_name>6</wp:post_name>
		<wp:status>inherit</wp:status>
		<wp:post_parent>48</wp:post_parent>
		<wp:menu_order>0</wp:menu_order>
		<wp:post_type>attachment</wp:post_type>
		<wp:post_password></wp:post_password>
		<wp:is_sticky>0</wp:is_sticky>
		<wp:attachment_url>http://dev.webdesign-master.ru/wp/wp-content/uploads/2015/02/6.jpg</wp:attachment_url>
		<wp:postmeta>
			<wp:meta_key>_wp_attached_file</wp:meta_key>
			<wp:meta_value><![CDATA[2015/02/6.jpg]]></wp:meta_value>
		</wp:postmeta>
		<wp:postmeta>
			<wp:meta_key>_wp_attachment_metadata</wp:meta_key>
			<wp:meta_value><![CDATA[a:5:{s:5:"width";i:400;s:6:"height";i:300;s:4:"file";s:13:"2015/02/6.jpg";s:5:"sizes";a:2:{s:9:"thumbnail";a:4:{s:4:"file";s:13:"6-150x150.jpg";s:5:"width";i:150;s:6:"height";i:150;s:9:"mime-type";s:10:"image/jpeg";}s:6:"medium";a:4:{s:4:"file";s:13:"6-300x225.jpg";s:5:"width";i:300;s:6:"height";i:225;s:9:"mime-type";s:10:"image/jpeg";}}s:10:"image_meta";a:11:{s:8:"aperture";i:0;s:6:"credit";s:0:"";s:6:"camera";s:0:"";s:7:"caption";s:0:"";s:17:"created_timestamp";i:0;s:9:"copyright";s:0:"";s:12:"focal_length";i:0;s:3:"iso";i:0;s:13:"shutter_speed";i:0;s:5:"title";s:0:"";s:11:"orientation";i:1;}}]]></wp:meta_value>
		</wp:postmeta>
	</item>
	<item>
		<title>1</title>
		<link>http://dev.webdesign-master.ru/wp/?attachment_id=52</link>
		<pubDate>Mon, 23 Feb 2015 02:46:21 +0000</pubDate>
		<dc:creator><![CDATA[admin]]></dc:creator>
		<guid isPermaLink="false">http://dev.webdesign-master.ru/wp/wp-content/uploads/2015/02/11.jpg</guid>
		<description></description>
		<content:encoded><![CDATA[]]></content:encoded>
		<excerpt:encoded><![CDATA[]]></excerpt:encoded>
		<wp:post_id>52</wp:post_id>
		<wp:post_date>2015-02-23 05:46:21</wp:post_date>
		<wp:post_date_gmt>2015-02-23 02:46:21</wp:post_date_gmt>
		<wp:comment_status>open</wp:comment_status>
		<wp:ping_status>open</wp:ping_status>
		<wp:post_name>1-2</wp:post_name>
		<wp:status>inherit</wp:status>
		<wp:post_parent>51</wp:post_parent>
		<wp:menu_order>0</wp:menu_order>
		<wp:post_type>attachment</wp:post_type>
		<wp:post_password></wp:post_password>
		<wp:is_sticky>0</wp:is_sticky>
		<wp:attachment_url>http://dev.webdesign-master.ru/wp/wp-content/uploads/2015/02/11.jpg</wp:attachment_url>
		<wp:postmeta>
			<wp:meta_key>_wp_attached_file</wp:meta_key>
			<wp:meta_value><![CDATA[2015/02/11.jpg]]></wp:meta_value>
		</wp:postmeta>
		<wp:postmeta>
			<wp:meta_key>_wp_attachment_metadata</wp:meta_key>
			<wp:meta_value><![CDATA[a:5:{s:5:"width";i:400;s:6:"height";i:300;s:4:"file";s:14:"2015/02/11.jpg";s:5:"sizes";a:2:{s:9:"thumbnail";a:4:{s:4:"file";s:14:"11-150x150.jpg";s:5:"width";i:150;s:6:"height";i:150;s:9:"mime-type";s:10:"image/jpeg";}s:6:"medium";a:4:{s:4:"file";s:14:"11-300x225.jpg";s:5:"width";i:300;s:6:"height";i:225;s:9:"mime-type";s:10:"image/jpeg";}}s:10:"image_meta";a:11:{s:8:"aperture";i:0;s:6:"credit";s:0:"";s:6:"camera";s:0:"";s:7:"caption";s:0:"";s:17:"created_timestamp";i:0;s:9:"copyright";s:0:"";s:12:"focal_length";i:0;s:3:"iso";i:0;s:13:"shutter_speed";i:0;s:5:"title";s:0:"";s:11:"orientation";i:1;}}]]></wp:meta_value>
		</wp:postmeta>
	</item>
	<item>
		<title>Директор IT Компании</title>
		<link>http://dev.webdesign-master.ru/wp/?p=28</link>
		<pubDate>Sun, 22 Feb 2015 16:10:46 +0000</pubDate>
		<dc:creator><![CDATA[admin]]></dc:creator>
		<guid isPermaLink="false">http://dev.webdesign-master.ru/wp/?p=28</guid>
		<description></description>
		<content:encoded><![CDATA[Lorem Ipsum — это текст-«рыба», часто используемый в печати и вэб-дизайне. Lorem Ipsum является стандартной «рыбой» для текстов на латинице с начала XVI века. В то время некий безымянный печатник создал большую коллекцию]]></content:encoded>
		<excerpt:encoded><![CDATA[]]></excerpt:encoded>
		<wp:post_id>28</wp:post_id>
		<wp:post_date>2015-02-22 19:10:46</wp:post_date>
		<wp:post_date_gmt>2015-02-22 16:10:46</wp:post_date_gmt>
		<wp:comment_status>open</wp:comment_status>
		<wp:ping_status>open</wp:ping_status>
		<wp:post_name>%d0%b4%d0%b8%d1%80%d0%b5%d0%ba%d1%82%d0%be%d1%80-it-%d0%ba%d0%be%d0%bc%d0%bf%d0%b0%d0%bd%d0%b8%d0%b8</wp:post_name>
		<wp:status>publish</wp:status>
		<wp:post_parent>0</wp:post_parent>
		<wp:menu_order>0</wp:menu_order>
		<wp:post_type>post</wp:post_type>
		<wp:post_password></wp:post_password>
		<wp:is_sticky>0</wp:is_sticky>
		<category domain="category" nicename="c_work"><![CDATA[Работа]]></category>
		<wp:postmeta>
			<wp:meta_key>_edit_last</wp:meta_key>
			<wp:meta_value><![CDATA[1]]></wp:meta_value>
		</wp:postmeta>
		<wp:postmeta>
			<wp:meta_key>resume_place</wp:meta_key>
			<wp:meta_value><![CDATA[Норильск]]></wp:meta_value>
		</wp:postmeta>
		<wp:postmeta>
			<wp:meta_key>resume_years</wp:meta_key>
			<wp:meta_value><![CDATA[1998-2015]]></wp:meta_value>
		</wp:postmeta>
	</item>
	<item>
		<title>Менеджер</title>
		<link>http://dev.webdesign-master.ru/wp/?p=31</link>
		<pubDate>Sun, 22 Feb 2015 16:13:32 +0000</pubDate>
		<dc:creator><![CDATA[admin]]></dc:creator>
		<guid isPermaLink="false">http://dev.webdesign-master.ru/wp/?p=31</guid>
		<description></description>
		<content:encoded><![CDATA[Lorem Ipsum — это текст-«рыба», часто используемый в печати и вэб-дизайне. Lorem Ipsum является стандартной «рыбой» для текстов на латинице с начала XVI века. В то время некий безымянный печатник создал большую коллекцию]]></content:encoded>
		<excerpt:encoded><![CDATA[]]></excerpt:encoded>
		<wp:post_id>31</wp:post_id>
		<wp:post_date>2015-02-22 19:13:32</wp:post_date>
		<wp:post_date_gmt>2015-02-22 16:13:32</wp:post_date_gmt>
		<wp:comment_status>open</wp:comment_status>
		<wp:ping_status>open</wp:ping_status>
		<wp:post_name>%d0%bc%d0%b5%d0%bd%d0%b5%d0%b4%d0%b6%d0%b5%d1%80-2</wp:post_name>
		<wp:status>publish</wp:status>
		<wp:post_parent>0</wp:post_parent>
		<wp:menu_order>0</wp:menu_order>
		<wp:post_type>post</wp:post_type>
		<wp:post_password></wp:post_password>
		<wp:is_sticky>0</wp:is_sticky>
		<category domain="category" nicename="c_edu"><![CDATA[Учеба]]></category>
		<wp:postmeta>
			<wp:meta_key>_edit_last</wp:meta_key>
			<wp:meta_value><![CDATA[1]]></wp:meta_value>
		</wp:postmeta>
		<wp:postmeta>
			<wp:meta_key>resume_place</wp:meta_key>
			<wp:meta_value><![CDATA[Красноярск]]></wp:meta_value>
		</wp:postmeta>
		<wp:postmeta>
			<wp:meta_key>resume_years</wp:meta_key>
			<wp:meta_value><![CDATA[2015-2016]]></wp:meta_value>
		</wp:postmeta>
	</item>
	<item>
		<title>Заголовок 1 й работы</title>
		<link>http://dev.webdesign-master.ru/wp/?p=34</link>
		<pubDate>Mon, 23 Feb 2015 02:25:39 +0000</pubDate>
		<dc:creator><![CDATA[admin]]></dc:creator>
		<guid isPermaLink="false">http://dev.webdesign-master.ru/wp/?p=34</guid>
		<description></description>
		<content:encoded><![CDATA[Lorem ipsum dolor sit amet, consectetur adipisicing elit. Earum cupiditate, dignissimos quo. Dolore, omnis totam quibusdam voluptatibus cum, nulla dolores sunt iste? Sunt nam illum, animi magni veniam adipisci non.]]></content:encoded>
		<excerpt:encoded><![CDATA[Краткое описание работы]]></excerpt:encoded>
		<wp:post_id>34</wp:post_id>
		<wp:post_date>2015-02-23 05:25:39</wp:post_date>
		<wp:post_date_gmt>2015-02-23 02:25:39</wp:post_date_gmt>
		<wp:comment_status>open</wp:comment_status>
		<wp:ping_status>open</wp:ping_status>
		<wp:post_name>%d0%b7%d0%b0%d0%b3%d0%be%d0%bb%d0%be%d0%b2%d0%be%d0%ba-%d0%bf%d0%b5%d1%80%d0%b2%d0%be%d0%b9-%d1%80%d0%b0%d0%b1%d0%be%d1%82%d1%8b</wp:post_name>
		<wp:status>publish</wp:status>
		<wp:post_parent>0</wp:post_parent>
		<wp:menu_order>0</wp:menu_order>
		<wp:post_type>post</wp:post_type>
		<wp:post_password></wp:post_password>
		<wp:is_sticky>0</wp:is_sticky>
		<category domain="post_tag" nicename="sites"><![CDATA[sites]]></category>
		<category domain="category" nicename="s_portfolio"><![CDATA[Портфолио]]></category>
		<wp:postmeta>
			<wp:meta_key>_edit_last</wp:meta_key>
			<wp:meta_value><![CDATA[1]]></wp:meta_value>
		</wp:postmeta>
		<wp:postmeta>
			<wp:meta_key>_thumbnail_id</wp:meta_key>
			<wp:meta_value><![CDATA[35]]></wp:meta_value>
		</wp:postmeta>
	</item>
	<item>
		<title>Заголовок 2 работы</title>
		<link>http://dev.webdesign-master.ru/wp/?p=39</link>
		<pubDate>Mon, 23 Feb 2015 02:38:54 +0000</pubDate>
		<dc:creator><![CDATA[admin]]></dc:creator>
		<guid isPermaLink="false">http://dev.webdesign-master.ru/wp/?p=39</guid>
		<description></description>
		<content:encoded><![CDATA[The API handles all the tricky parsing, eliminating the need for writing a custom regular expression for each shortcode. Helper functions are included for setting and fetching default attributes. The API supports both self-closing and enclosing shortcodes.]]></content:encoded>
		<excerpt:encoded><![CDATA[Краткое описание 2-й работы]]></excerpt:encoded>
		<wp:post_id>39</wp:post_id>
		<wp:post_date>2015-02-23 05:38:54</wp:post_date>
		<wp:post_date_gmt>2015-02-23 02:38:54</wp:post_date_gmt>
		<wp:comment_status>open</wp:comment_status>
		<wp:ping_status>open</wp:ping_status>
		<wp:post_name>%d0%b7%d0%b0%d0%b3%d0%be%d0%bb%d0%be%d0%b2%d0%be%d0%ba-%d0%b2%d1%82%d0%be%d1%80%d0%be%d0%b9-%d1%80%d0%b0%d0%b1%d0%be%d1%82%d1%8b</wp:post_name>
		<wp:status>publish</wp:status>
		<wp:post_parent>0</wp:post_parent>
		<wp:menu_order>0</wp:menu_order>
		<wp:post_type>post</wp:post_type>
		<wp:post_password></wp:post_password>
		<wp:is_sticky>0</wp:is_sticky>
		<category domain="post_tag" nicename="identy"><![CDATA[identy]]></category>
		<category domain="category" nicename="s_portfolio"><![CDATA[Портфолио]]></category>
		<wp:postmeta>
			<wp:meta_key>_edit_last</wp:meta_key>
			<wp:meta_value><![CDATA[1]]></wp:meta_value>
		</wp:postmeta>
		<wp:postmeta>
			<wp:meta_key>_thumbnail_id</wp:meta_key>
			<wp:meta_value><![CDATA[40]]></wp:meta_value>
		</wp:postmeta>
	</item>
	<item>
		<title>Заголовок логотипа</title>
		<link>http://dev.webdesign-master.ru/wp/?p=42</link>
		<pubDate>Mon, 23 Feb 2015 02:41:52 +0000</pubDate>
		<dc:creator><![CDATA[admin]]></dc:creator>
		<guid isPermaLink="false">http://dev.webdesign-master.ru/wp/?p=42</guid>
		<description></description>
		<content:encoded><![CDATA[This creates a "[bartag]" shortcode that supports two attributes: ["foo" and "bar"]. Both attributes are optional and will take on default options [foo="something" bar="something else"] if they are not provided. The shortcode will return as foo = {the value of the foo attribute}.]]></content:encoded>
		<excerpt:encoded><![CDATA[Краткое описание 3-1 работы]]></excerpt:encoded>
		<wp:post_id>42</wp:post_id>
		<wp:post_date>2015-02-23 05:41:52</wp:post_date>
		<wp:post_date_gmt>2015-02-23 02:41:52</wp:post_date_gmt>
		<wp:comment_status>open</wp:comment_status>
		<wp:ping_status>open</wp:ping_status>
		<wp:post_name>%d0%b7%d0%b0%d0%b3%d0%be%d0%bb%d0%be%d0%b2%d0%be%d0%ba-%d0%bb%d0%be%d0%b3%d0%be%d1%82%d0%b8%d0%bf%d0%b0</wp:post_name>
		<wp:status>publish</wp:status>
		<wp:post_parent>0</wp:post_parent>
		<wp:menu_order>0</wp:menu_order>
		<wp:post_type>post</wp:post_type>
		<wp:post_password></wp:post_password>
		<wp:is_sticky>0</wp:is_sticky>
		<category domain="post_tag" nicename="logos"><![CDATA[logos]]></category>
		<category domain="category" nicename="s_portfolio"><![CDATA[Портфолио]]></category>
		<wp:postmeta>
			<wp:meta_key>_edit_last</wp:meta_key>
			<wp:meta_value><![CDATA[1]]></wp:meta_value>
		</wp:postmeta>
		<wp:postmeta>
			<wp:meta_key>_thumbnail_id</wp:meta_key>
			<wp:meta_value><![CDATA[44]]></wp:meta_value>
		</wp:postmeta>
	</item>
	<item>
		<title>Заголовок 4-й работы</title>
		<link>http://dev.webdesign-master.ru/wp/?p=45</link>
		<pubDate>Mon, 23 Feb 2015 02:43:24 +0000</pubDate>
		<dc:creator><![CDATA[admin]]></dc:creator>
		<guid isPermaLink="false">http://dev.webdesign-master.ru/wp/?p=45</guid>
		<description></description>
		<content:encoded><![CDATA[The API handles all the tricky parsing, eliminating the need for writing a custom regular expression for each shortcode. Helper functions are included for setting and fetching default attributes. The API supports both self-closing and enclosing shortcodes.]]></content:encoded>
		<excerpt:encoded><![CDATA[Описание 4-й работы]]></excerpt:encoded>
		<wp:post_id>45</wp:post_id>
		<wp:post_date>2015-02-23 05:43:24</wp:post_date>
		<wp:post_date_gmt>2015-02-23 02:43:24</wp:post_date_gmt>
		<wp:comment_status>open</wp:comment_status>
		<wp:ping_status>open</wp:ping_status>
		<wp:post_name>%d0%b7%d0%b0%d0%b3%d0%be%d0%bb%d0%be%d0%b2%d0%be%d0%ba-4-%d0%b9-%d1%80%d0%b0%d0%b1%d0%be%d1%82%d1%8b</wp:post_name>
		<wp:status>publish</wp:status>
		<wp:post_parent>0</wp:post_parent>
		<wp:menu_order>0</wp:menu_order>
		<wp:post_type>post</wp:post_type>
		<wp:post_password></wp:post_password>
		<wp:is_sticky>0</wp:is_sticky>
		<category domain="post_tag" nicename="sites"><![CDATA[sites]]></category>
		<category domain="category" nicename="s_portfolio"><![CDATA[Портфолио]]></category>
		<wp:postmeta>
			<wp:meta_key>_edit_last</wp:meta_key>
			<wp:meta_value><![CDATA[1]]></wp:meta_value>
		</wp:postmeta>
		<wp:postmeta>
			<wp:meta_key>_thumbnail_id</wp:meta_key>
			<wp:meta_value><![CDATA[46]]></wp:meta_value>
		</wp:postmeta>
	</item>
	<item>
		<title>Сайт номер пять</title>
		<link>http://dev.webdesign-master.ru/wp/?p=48</link>
		<pubDate>Mon, 23 Feb 2015 02:45:19 +0000</pubDate>
		<dc:creator><![CDATA[admin]]></dc:creator>
		<guid isPermaLink="false">http://dev.webdesign-master.ru/wp/?p=48</guid>
		<description></description>
		<content:encoded><![CDATA[The API handles all the tricky parsing, eliminating the need for writing a custom regular expression for each shortcode. Helper functions are included for setting and fetching default attributes. The API supports both self-closing and enclosing shortcodes.]]></content:encoded>
		<excerpt:encoded><![CDATA[Описание пятой работы]]></excerpt:encoded>
		<wp:post_id>48</wp:post_id>
		<wp:post_date>2015-02-23 05:45:19</wp:post_date>
		<wp:post_date_gmt>2015-02-23 02:45:19</wp:post_date_gmt>
		<wp:comment_status>open</wp:comment_status>
		<wp:ping_status>open</wp:ping_status>
		<wp:post_name>%d1%81%d0%b0%d0%b9%d1%82-%d0%bd%d0%be%d0%bc%d0%b5%d1%80-%d0%bf%d1%8f%d1%82%d1%8c</wp:post_name>
		<wp:status>publish</wp:status>
		<wp:post_parent>0</wp:post_parent>
		<wp:menu_order>0</wp:menu_order>
		<wp:post_type>post</wp:post_type>
		<wp:post_password></wp:post_password>
		<wp:is_sticky>0</wp:is_sticky>
		<category domain="post_tag" nicename="sites"><![CDATA[sites]]></category>
		<category domain="category" nicename="s_portfolio"><![CDATA[Портфолио]]></category>
		<wp:postmeta>
			<wp:meta_key>_edit_last</wp:meta_key>
			<wp:meta_value><![CDATA[1]]></wp:meta_value>
		</wp:postmeta>
		<wp:postmeta>
			<wp:meta_key>_thumbnail_id</wp:meta_key>
			<wp:meta_value><![CDATA[49]]></wp:meta_value>
		</wp:postmeta>
	</item>
	<item>
		<title>Сайт номе шесть</title>
		<link>http://dev.webdesign-master.ru/wp/?p=51</link>
		<pubDate>Mon, 23 Feb 2015 02:46:31 +0000</pubDate>
		<dc:creator><![CDATA[admin]]></dc:creator>
		<guid isPermaLink="false">http://dev.webdesign-master.ru/wp/?p=51</guid>
		<description></description>
		<content:encoded><![CDATA[The API handles all the tricky parsing, eliminating the need for writing a custom regular expression for each shortcode. Helper functions are included for setting and fetching default attributes. The API supports both self-closing and enclosing shortcodes.]]></content:encoded>
		<excerpt:encoded><![CDATA[Краткое описание 6 работы]]></excerpt:encoded>
		<wp:post_id>51</wp:post_id>
		<wp:post_date>2015-02-23 05:46:31</wp:post_date>
		<wp:post_date_gmt>2015-02-23 02:46:31</wp:post_date_gmt>
		<wp:comment_status>open</wp:comment_status>
		<wp:ping_status>open</wp:ping_status>
		<wp:post_name>%d1%81%d0%b0%d0%b9%d1%82-%d0%bd%d0%be%d0%bc%d0%b5-%d1%88%d0%b5%d1%81%d1%82%d1%8c</wp:post_name>
		<wp:status>publish</wp:status>
		<wp:post_parent>0</wp:post_parent>
		<wp:menu_order>0</wp:menu_order>
		<wp:post_type>post</wp:post_type>
		<wp:post_password></wp:post_password>
		<wp:is_sticky>0</wp:is_sticky>
		<category domain="post_tag" nicename="logos"><![CDATA[logos]]></category>
		<category domain="category" nicename="s_portfolio"><![CDATA[Портфолио]]></category>
		<wp:postmeta>
			<wp:meta_key>_edit_last</wp:meta_key>
			<wp:meta_value><![CDATA[1]]></wp:meta_value>
		</wp:postmeta>
		<wp:postmeta>
			<wp:meta_key>_thumbnail_id</wp:meta_key>
			<wp:meta_value><![CDATA[52]]></wp:meta_value>
		</wp:postmeta>
	</item>
	<item>
		<title>Заголовок 7-й работы</title>
		<link>http://dev.webdesign-master.ru/wp/?p=56</link>
		<pubDate>Mon, 23 Feb 2015 02:48:35 +0000</pubDate>
		<dc:creator><![CDATA[admin]]></dc:creator>
		<guid isPermaLink="false">http://dev.webdesign-master.ru/wp/?p=56</guid>
		<description></description>
		<content:encoded><![CDATA[The API handles all the tricky parsing, eliminating the need for writing a custom regular expression for each shortcode. Helper functions are included for setting and fetching default attributes. The API supports both self-closing and enclosing shortcodes.]]></content:encoded>
		<excerpt:encoded><![CDATA[Описание седьмой работы]]></excerpt:encoded>
		<wp:post_id>56</wp:post_id>
		<wp:post_date>2015-02-23 05:48:35</wp:post_date>
		<wp:post_date_gmt>2015-02-23 02:48:35</wp:post_date_gmt>
		<wp:comment_status>open</wp:comment_status>
		<wp:ping_status>open</wp:ping_status>
		<wp:post_name>%d0%b7%d0%b0%d0%b3%d0%be%d0%bb%d0%be%d0%b2%d0%be%d0%ba-7-%d0%b9-%d1%80%d0%b0%d0%b1%d0%be%d1%82%d1%8b</wp:post_name>
		<wp:status>publish</wp:status>
		<wp:post_parent>0</wp:post_parent>
		<wp:menu_order>0</wp:menu_order>
		<wp:post_type>post</wp:post_type>
		<wp:post_password></wp:post_password>
		<wp:is_sticky>0</wp:is_sticky>
		<category domain="post_tag" nicename="identy"><![CDATA[identy]]></category>
		<category domain="category" nicename="s_portfolio"><![CDATA[Портфолио]]></category>
		<wp:postmeta>
			<wp:meta_key>_edit_last</wp:meta_key>
			<wp:meta_value><![CDATA[1]]></wp:meta_value>
		</wp:postmeta>
		<wp:postmeta>
			<wp:meta_key>_thumbnail_id</wp:meta_key>
			<wp:meta_value><![CDATA[46]]></wp:meta_value>
		</wp:postmeta>
	</item>
	<item>
		<title>Заголовок 8-й работы</title>
		<link>http://dev.webdesign-master.ru/wp/?p=58</link>
		<pubDate>Mon, 23 Feb 2015 02:49:56 +0000</pubDate>
		<dc:creator><![CDATA[admin]]></dc:creator>
		<guid isPermaLink="false">http://dev.webdesign-master.ru/wp/?p=58</guid>
		<description></description>
		<content:encoded><![CDATA[The API handles all the tricky parsing, eliminating the need for writing a custom regular expression for each shortcode. Helper functions are included for setting and fetching default attributes. The API supports both self-closing and enclosing shortcodes.]]></content:encoded>
		<excerpt:encoded><![CDATA[Описание восьмой работы]]></excerpt:encoded>
		<wp:post_id>58</wp:post_id>
		<wp:post_date>2015-02-23 05:49:56</wp:post_date>
		<wp:post_date_gmt>2015-02-23 02:49:56</wp:post_date_gmt>
		<wp:comment_status>open</wp:comment_status>
		<wp:ping_status>open</wp:ping_status>
		<wp:post_name>%d0%b7%d0%b0%d0%b3%d0%be%d0%bb%d0%be%d0%b2%d0%be%d0%ba-8-%d0%b9-%d1%80%d0%b0%d0%b1%d0%be%d1%82%d1%8b</wp:post_name>
		<wp:status>publish</wp:status>
		<wp:post_parent>0</wp:post_parent>
		<wp:menu_order>0</wp:menu_order>
		<wp:post_type>post</wp:post_type>
		<wp:post_password></wp:post_password>
		<wp:is_sticky>0</wp:is_sticky>
		<category domain="post_tag" nicename="identy"><![CDATA[identy]]></category>
		<category domain="post_tag" nicename="sites"><![CDATA[sites]]></category>
		<category domain="category" nicename="s_portfolio"><![CDATA[Портфолио]]></category>
		<wp:postmeta>
			<wp:meta_key>_edit_last</wp:meta_key>
			<wp:meta_value><![CDATA[1]]></wp:meta_value>
		</wp:postmeta>
		<wp:postmeta>
			<wp:meta_key>_thumbnail_id</wp:meta_key>
			<wp:meta_value><![CDATA[40]]></wp:meta_value>
		</wp:postmeta>
	</item>
</channel>
</rss>
